City_ID,City,Country,Lat,Lng,Max Temp,Humidity,Cloudiness,Wind Speed,Current Description
0,Poum,NC,-20.2333,164.0167,70.56,67,100,5.99,overcast clouds
1,Marzuq,YE,14.4,46.4667,84.74,34,89,6.58,overcast clouds
2,Ostrovnoy,RU,68.0531,39.5131,54.27,79,5,9.55,clear sky
3,Yellowknife,CA,62.456,-114.3525,59.52,67,90,25.32,overcast clouds
4,Mataura,NZ,-46.1927,168.8643,38.48,89,100,1.39,overcast clouds
5,Maniitsoq,GL,65.4167,-52.9,41.41,92,100,2.37,light rain
6,Busselton,AU,-33.65,115.3333,58.05,91,89,3.42,overcast clouds
7,Hilo,US,19.7297,-155.09,82.26,80,68,3.0,broken clouds
8,Rikitea,PF,-23.1203,-134.9692,74.25,78,11,13.6,few clouds
9,Svetlogorsk,BY,52.6333,29.7333,55.35,95,2,5.01,clear sky
10,Kirakira,SB,-10.4544,161.9205,84.4,67,96,6.51,overcast clouds
11,Arraial Do Cabo,BR,-22.9661,-42.0278,69.66,68,0,13.8,clear sky
12,Montepuez,MZ,-13.1256,38.9997,62.58,89,10,5.21,clear sky
13,Bluff,NZ,-46.6,168.3333,38.8,78,100,3.47,overcast clouds
14,Mahebourg,MU,-20.4081,57.7,69.26,94,40,3.44,scattered clouds
15,Patti,IN,31.2808,74.8572,80.55,73,5,5.55,clear sky
16,Baie-Comeau,CA,49.2168,-68.1489,69.8,56,1,11.5,clear sky
17,Lebu,CL,-37.6167,-73.65,47.88,76,33,20.85,scattered clouds
18,Severo-Kurilsk,RU,50.6789,156.125,56.86,67,59,8.55,broken clouds
19,Ushuaia,AR,-54.8,-68.3,31.66,100,90,33.38,heavy snow
20,Hobart,AU,-42.8794,147.3294,44.26,79,0,1.99,clear sky
21,Dikson,RU,73.5069,80.5464,49.53,66,10,8.25,clear sky
22,Gat,IL,31.61,34.7642,81.79,100,8,6.08,clear sky
23,Port Hedland,AU,-20.3167,118.5667,66.25,22,16,11.5,few clouds
24,Hermanus,ZA,-34.4187,19.2345,49.89,73,91,4.59,overcast clouds
25,Zhezkazgan,KZ,47.8043,67.7144,71.06,55,39,7.29,scattered clouds
26,Georgetown,MY,5.4112,100.3354,81.9,87,20,2.3,thunderstorm
27,Albany,US,42.6001,-73.9662,77.52,84,100,3.2,overcast clouds
28,Butaritari,KI,3.0707,172.7902,82.81,65,13,14.09,few clouds
29,Airai,TL,-8.9266,125.4092,64.13,46,38,3.74,scattered clouds
30,Curup,ID,-3.4667,102.5333,69.22,96,20,2.13,few clouds
31,Tuktoyaktuk,CA,69.4541,-133.0374,44.6,81,90,13.8,overcast clouds
32,Jamestown,US,42.097,-79.2353,75.36,88,100,2.89,overcast clouds
33,Coari,BR,-4.085,-63.1414,78.91,65,59,3.51,broken clouds
34,Qaanaaq,GL,77.484,-69.3632,41.38,81,100,0.49,overcast clouds
35,Dongsheng,CN,39.8161,109.9776,66.85,62,100,14.45,moderate rain
36,North Platte,US,41.1239,-100.7654,90.01,30,44,3.0,scattered clouds
37,Vao,NC,-22.6667,167.4833,67.39,64,88,5.77,overcast clouds
38,Salalah,OM,17.0151,54.0924,75.61,92,100,5.23,overcast clouds
39,Barrow,US,71.2906,-156.7887,39.22,77,75,9.22,broken clouds
40,Torbay,CA,47.6666,-52.7314,68.58,88,75,19.57,broken clouds
41,Port Augusta,AU,-32.5,137.7667,53.71,55,0,5.17,clear sky
42,Flinders,AU,-34.5833,150.8552,56.21,78,77,4.0,broken clouds
43,Punta Arenas,CL,-53.15,-70.9167,35.71,80,40,23.02,scattered clouds
44,Egvekinot,RU,66.3167,-179.1667,38.23,73,88,17.38,overcast clouds
45,Mar Del Plata,AR,-38.0023,-57.5575,51.82,82,0,11.5,clear sky
46,Bethel,US,41.3712,-73.414,78.42,77,100,6.24,overcast clouds
47,Namibe,AO,-15.1961,12.1522,67.57,86,63,4.52,broken clouds
48,Kapaa,US,22.0752,-159.319,84.18,78,49,5.01,scattered clouds
49,Nikolskoye,RU,59.7035,30.7861,65.01,99,99,4.59,overcast clouds
50,Laguna,US,38.421,-121.4238,100.2,23,40,8.05,smoke
51,Notse,TG,6.95,1.1667,73.17,94,100,4.09,overcast clouds
52,Sorland,NO,67.667,12.6934,58.96,70,95,15.73,overcast clouds
53,Sabzevar,IR,36.2126,57.6819,80.44,20,0,5.06,clear sky
54,Saint-Philippe,RE,-21.3585,55.7679,67.55,81,39,12.19,light rain
55,Cabo San Lucas,MX,22.8909,-109.9124,89.06,72,95,11.83,overcast clouds
56,Coquimbo,CL,-29.9533,-71.3436,56.93,71,90,8.05,overcast clouds
57,Cidreira,BR,-30.1811,-50.2056,61.07,91,1,12.46,clear sky
58,Cherskiy,RU,68.75,161.3,63.09,37,71,6.64,broken clouds
59,Hofn,IS,64.2539,-15.2082,55.9,83,100,9.6,overcast clouds
60,Mangrol,IN,21.1167,70.1167,81.59,78,83,9.53,broken clouds
61,Kenai,US,60.5544,-151.2583,63.03,90,90,9.22,overcast clouds
62,Aykhal,RU,66.0,111.5,55.09,75,100,7.65,overcast clouds
63,Lavrentiya,RU,65.5833,-171.0,47.44,72,98,19.75,overcast clouds
64,Saint-Gabriel,CA,46.3001,-73.3824,69.84,88,48,3.24,scattered clouds
65,Katsuura,JP,35.1333,140.3,78.91,97,100,24.0,overcast clouds
66,Costa Rica,BR,-23.4167,-54.65,68.72,43,0,7.31,clear sky
67,Sambava,MG,-14.2667,50.1667,68.0,87,54,7.99,broken clouds
68,Labuhan,ID,-6.8844,112.2051,79.52,81,69,7.27,broken clouds
69,Sfantu Gheorghe,RO,45.8667,25.7833,54.82,80,1,2.68,clear sky
70,Tessalit,ML,20.1986,1.0114,87.67,39,37,18.48,scattered clouds
71,Puerto Ayora,EC,-0.7393,-90.3518,70.56,86,69,8.01,broken clouds
72,Flin Flon,CA,54.7682,-101.865,69.35,82,96,1.83,overcast clouds
73,Ancud,CL,-41.8697,-73.8203,44.42,84,34,6.44,scattered clouds
74,Vaini,TO,-21.2,-175.2,75.36,64,75,6.91,broken clouds
75,Sawakin,SD,19.1059,37.3321,92.98,47,25,3.74,scattered clouds
76,Port Blair,IN,11.6667,92.75,81.68,83,100,13.31,overcast clouds
77,Sibolga,ID,1.7427,98.7792,76.91,85,89,3.56,overcast clouds
78,Wad Madani,SD,14.4012,33.5199,79.63,73,88,15.17,overcast clouds
79,Kavaratti,IN,10.5669,72.642,81.23,78,100,20.96,overcast clouds
80,Kruisfontein,ZA,-34.0033,24.7314,56.26,31,86,6.2,overcast clouds
81,Atuona,PF,-9.8,-139.0333,77.25,81,53,13.58,light rain
82,Hirara,JP,24.8,125.2833,82.67,94,75,17.27,broken clouds
83,De-Kastri,RU,51.4667,140.7833,57.6,70,100,13.58,overcast clouds
84,Odesskoye,RU,54.2111,72.9651,61.81,87,100,3.27,overcast clouds
85,Alamosa,US,37.4695,-105.87,81.91,12,1,13.8,haze
86,Douglas,US,41.3,-96.167,85.93,78,1,3.44,clear sky
87,Saskylakh,RU,71.9167,114.0833,58.01,63,100,8.37,overcast clouds
88,Te Anau,NZ,-45.4167,167.7167,38.57,88,99,5.06,light rain
89,Nacogdoches,US,31.6002,-94.6335,89.31,75,90,3.22,overcast clouds
90,Qaqortoq,GL,60.7167,-46.0333,46.9,94,100,7.56,light rain
91,Ulundi,ZA,-28.3352,31.4162,53.24,89,3,4.0,clear sky
92,Kiskunfelegyhaza,HU,46.7121,19.8446,67.95,55,1,8.79,light rain
93,Iracoubo,GF,5.4802,-53.2011,78.17,84,95,2.98,overcast clouds
94,Sept-Iles,CA,50.2001,-66.3821,68.52,62,75,3.0,broken clouds
95,Ossora,RU,59.2353,163.0719,55.4,73,83,17.47,broken clouds
96,Port Elizabeth,ZA,-33.918,25.5701,52.09,100,96,3.44,fog
97,Talnakh,RU,69.4865,88.3972,61.38,50,51,2.19,broken clouds
98,Ilulissat,GL,69.2167,-51.1,40.06,75,76,6.24,broken clouds
99,Isangel,VU,-19.55,169.2667,77.11,65,75,6.91,haze
100,Gravdal,NO,68.1214,13.5031,58.69,69,96,9.31,overcast clouds
101,Lata,PT,40.1629,-8.3327,61.21,98,33,3.02,scattered clouds
102,Lamballe,FR,48.4676,-2.5144,57.07,92,35,3.0,scattered clouds
103,Taoudenni,ML,22.6783,-3.9836,102.0,11,2,9.44,clear sky
104,Leh,IN,34.1667,77.5833,59.94,55,18,4.65,few clouds
105,Nanortalik,GL,60.1432,-45.2371,46.78,90,100,14.34,overcast clouds
106,New Norfolk,AU,-42.7826,147.0587,43.92,51,87,3.58,overcast clouds
107,High Level,CA,58.5169,-117.136,62.71,82,75,16.11,light intensity shower rain
108,Caravelas,BR,-17.7125,-39.2481,68.45,76,90,8.52,overcast clouds
109,Khatanga,RU,71.9667,102.5,57.29,57,24,9.04,few clouds
110,Qesarya,IL,32.5189,34.9046,82.99,81,9,8.86,clear sky
111,Santona,ES,43.4439,-3.4576,66.07,87,20,6.69,few clouds
112,Tanout,NE,14.9709,8.8879,83.48,57,10,22.95,clear sky
113,Port Alfred,ZA,-33.5906,26.891,58.87,73,60,10.38,broken clouds
114,Tasiilaq,GL,65.6145,-37.6368,39.99,95,100,10.11,light rain
115,Xapuri,BR,-10.6517,-68.5044,78.24,41,3,1.05,clear sky
116,Faanui,PF,-16.4833,-151.75,78.28,73,35,7.7,scattered clouds
117,Aginskoye,RU,51.1,114.53,61.03,92,76,10.58,broken clouds
118,Lerwick,GB,60.1545,-1.1494,57.2,93,93,17.81,overcast clouds
119,Dhidhdhoo,MV,6.8833,73.1,80.83,81,100,17.52,light rain
120,East London,ZA,-33.0153,27.9116,58.32,70,32,10.92,scattered clouds
121,Golden,US,39.7555,-105.2211,83.25,28,55,13.02,broken clouds
122,Luckenwalde,DE,52.0833,13.1667,66.13,85,100,8.01,overcast clouds
123,Castro,BR,-24.7911,-50.0119,53.76,81,44,4.94,scattered clouds
124,Plouzane,FR,48.3833,-4.6167,57.29,91,20,8.05,light rain
125,San Quintin,MX,30.4833,-115.95,71.62,70,4,10.6,clear sky
126,Port Lincoln,AU,-34.7333,135.8667,54.55,66,5,10.07,clear sky
127,Esperance,AU,-33.8667,121.9,57.97,73,100,9.1,overcast clouds
128,Buraydah,SA,26.326,43.975,88.25,15,48,5.93,scattered clouds
129,Henties Bay,NA,-22.116,14.2845,51.85,77,2,3.02,clear sky
130,Kibala,TD,9.1104,18.3463,70.74,97,99,2.51,overcast clouds
131,Berdyaush,RU,55.1619,59.1464,46.13,96,0,4.61,clear sky
132,Killybegs,IE,54.6333,-8.45,57.45,93,100,17.85,heavy intensity rain
133,Kamennomostskoye,RU,43.7372,43.0514,71.13,72,99,9.17,overcast clouds
134,Cape Town,ZA,-33.9258,18.4232,50.41,100,90,3.44,mist
135,Kaitangata,NZ,-46.2817,169.8464,44.13,59,99,6.82,overcast clouds
136,Kutum,SD,14.2,24.6667,74.37,64,89,11.1,overcast clouds
137,Pevek,RU,69.7008,170.3133,42.37,69,30,11.63,scattered clouds
138,Neverkino,RU,52.7854,46.7417,66.24,45,47,7.38,scattered clouds
139,Nome,US,64.5011,-165.4064,50.16,85,100,6.98,overcast clouds
140,The Valley,AI,18.217,-63.0578,82.81,72,5,16.11,clear sky
141,Bretigny-Sur-Orge,FR,48.6114,2.3059,61.43,88,0,1.01,clear sky
142,Misawa,JP,40.6836,141.3597,80.67,74,100,6.33,overcast clouds
143,Pocking,DE,48.4,13.3167,61.5,95,99,10.58,heavy intensity rain
144,Srivardhan,IN,18.0333,73.0167,78.67,85,50,4.45,scattered clouds
145,Langham,CA,52.3668,-106.9679,80.02,22,83,3.98,broken clouds
146,Shenkursk,RU,62.1091,42.896,56.5,62,100,6.51,overcast clouds
147,Bambanglipuro,ID,-7.95,110.2833,77.63,83,34,3.29,scattered clouds
148,Bengkulu,ID,-3.8004,102.2655,76.19,89,14,4.21,few clouds
149,Japura,ID,-0.3167,102.35,76.68,94,99,2.42,light rain
150,Magadan,RU,59.5667,150.8,62.19,64,55,2.53,broken clouds
151,Young,UY,-32.6833,-57.6333,68.23,82,1,7.45,clear sky
152,Saint-Leu,RE,-21.15,55.2833,67.03,66,22,2.1,few clouds
153,Kawalu,ID,-7.3817,108.2082,73.89,92,43,0.67,scattered clouds
154,Shingu,JP,33.7333,135.9833,84.9,57,13,6.49,few clouds
155,Kiruna,SE,67.8557,20.2251,45.52,81,40,3.44,scattered clouds
156,Erenhot,CN,43.6475,111.9767,77.13,33,100,12.03,light rain
157,Meadow Lake,US,34.8014,-106.5436,96.73,18,28,13.91,scattered clouds
158,Porto Novo,BJ,6.4965,2.6036,74.43,92,97,4.43,light rain
159,Menongue,AO,-14.6585,17.691,51.84,24,1,3.74,clear sky
160,Nizhniy Kuranakh,RU,58.8353,125.4869,68.88,66,31,7.4,scattered clouds
161,Puerto Carreno,CO,6.189,-67.4859,77.67,79,63,5.5,broken clouds
162,Fomboni,KM,-12.28,43.7425,76.01,65,0,4.79,clear sky
163,Souillac,MU,-20.5167,57.5167,69.37,94,40,3.44,scattered clouds
164,Aquiraz,BR,-3.9014,-38.3911,80.19,76,44,13.89,scattered clouds
165,Sur,OM,22.5667,59.5289,88.81,54,91,11.34,overcast clouds
166,Vangaindrano,MG,-23.35,47.6,62.24,93,8,4.54,clear sky
167,Avarua,CK,-21.2078,-159.775,78.85,65,29,8.05,scattered clouds
168,Sa Kaeo,TH,13.75,102.3333,77.13,93,100,7.76,overcast clouds
169,Upernavik,GL,72.7868,-56.1549,40.59,94,97,9.1,overcast clouds
170,Hithadhoo,MV,-0.6,73.0833,82.56,70,100,4.83,overcast clouds
171,Cabangahan,PH,9.0781,122.9469,82.94,79,99,5.12,heavy intensity rain
172,Antalaha,MG,-14.9003,50.2788,65.3,90,30,5.59,scattered clouds
173,Huaihua,CN,27.5494,109.9592,80.78,80,95,2.48,overcast clouds
174,Vyatskiye Polyany,RU,56.226,51.0656,55.02,93,72,3.02,broken clouds
175,Maragogi,BR,-9.0122,-35.2225,73.89,75,85,15.28,overcast clouds
176,Chadiza,ZM,-14.0678,32.4392,58.01,58,0,3.56,clear sky
177,Batagay-Alyta,RU,67.8006,130.4114,68.31,34,24,3.94,few clouds
178,La Asuncion,VE,11.0333,-63.8628,85.73,66,12,13.8,few clouds
179,Gebre Guracha,ET,9.8,38.4,49.93,90,47,1.52,scattered clouds
180,San Cristobal,VE,7.7669,-72.225,78.98,92,75,2.71,broken clouds
181,Rabo De Peixe,PT,37.8,-25.5833,67.51,73,75,5.75,broken clouds
182,Saint George,US,37.1041,-113.5841,100.63,9,1,1.01,haze
183,College,US,64.8569,-147.8028,60.01,88,90,1.01,overcast clouds
184,Pacific Grove,US,36.6177,-121.9166,90.45,81,63,3.0,broken clouds
185,Klaksvik,FO,62.2266,-6.589,59.92,93,97,21.63,overcast clouds
186,Pauini,BR,-7.7136,-66.9764,80.1,40,7,2.15,clear sky
187,Comodoro Rivadavia,AR,-45.8667,-67.5,49.86,27,0,16.11,clear sky
188,Iqaluit,CA,63.7506,-68.5145,47.93,76,75,13.8,broken clouds
189,Iquique,CL,-20.2208,-70.1431,58.5,79,46,1.52,scattered clouds
190,Tommot,RU,58.9564,126.2925,68.16,73,30,7.49,scattered clouds
191,Barra Do Garcas,BR,-15.89,-52.2567,73.35,41,59,1.97,broken clouds
192,Sitka,US,57.0531,-135.33,59.14,89,100,4.23,overcast clouds
193,Tekeli,KZ,44.83,78.8239,60.53,39,0,8.66,clear sky
194,Thompson,CA,55.7435,-97.8558,81.45,35,78,13.51,broken clouds
195,Tigil,RU,57.8,158.6667,55.18,78,100,8.14,overcast clouds
196,Ewa Beach,US,21.3156,-158.0072,85.01,64,1,18.68,clear sky
197,Bela,IN,25.9333,81.9833,80.42,87,95,3.62,overcast clouds
198,Deputatskiy,RU,69.3,139.9,59.31,54,80,4.81,broken clouds
199,Marystown,CA,47.1666,-55.1483,62.69,94,70,9.89,broken clouds
200,Vanimo,PG,-2.6741,141.3028,82.96,70,84,5.88,broken clouds
201,Grand Gaube,MU,-20.0064,57.6608,69.39,78,45,7.0,light rain
202,Arvika,SE,59.6553,12.5852,57.9,97,92,2.44,overcast clouds
203,Longyearbyen,SJ,78.2186,15.6401,43.09,97,99,7.38,overcast clouds
204,Champerico,GT,14.3,-91.9167,83.77,71,89,4.43,overcast clouds
205,Kavieng,PG,-2.5744,150.7967,82.72,76,83,14.18,moderate rain
206,Lompoc,US,34.6391,-120.4579,82.11,67,11,5.99,few clouds
207,Urumqi,CN,43.801,87.6005,72.55,38,0,4.47,clear sky
208,Arcata,US,40.8665,-124.0828,75.13,71,25,1.99,scattered clouds
209,Goderich,CA,43.7501,-81.7165,77.04,83,3,4.43,clear sky
210,La Ronge,CA,55.1001,-105.2842,75.45,31,40,5.75,scattered clouds
211,Olinda,BR,-8.0089,-34.8553,74.82,77,62,17.81,broken clouds
212,Dabhol,IN,17.6,73.1667,76.37,87,61,2.86,broken clouds
213,Lagoa,PT,39.05,-27.9833,68.83,68,47,9.73,scattered clouds
214,Marquette,US,46.5333,-87.6335,62.37,89,100,4.76,moderate rain
215,Bredasdorp,ZA,-34.5322,20.0403,49.28,88,99,2.26,overcast clouds
216,Tual,ID,-5.6667,132.75,80.64,78,87,21.85,overcast clouds
217,Iskateley,RU,67.6803,53.1512,45.66,82,100,6.58,overcast clouds
218,Fortuna,US,40.5982,-124.1573,92.48,68,20,4.0,few clouds
219,San Vicente,AR,-26.6167,-54.1333,62.04,60,0,3.24,clear sky
220,Colquechaca,BO,-18.6667,-66.0167,38.23,23,19,0.96,few clouds
221,Basoko,CD,1.2391,23.616,69.48,90,82,2.64,broken clouds
222,Kodiak,US,57.79,-152.4072,54.91,82,90,13.8,light rain
223,Puerto Escondido,MX,15.85,-97.0667,80.53,85,100,6.22,overcast clouds
224,Tiksi,RU,71.6872,128.8694,49.93,69,33,4.25,scattered clouds
225,College Station,US,30.628,-96.3344,91.47,64,1,10.36,clear sky
226,Haines Junction,CA,60.7522,-137.5108,70.74,56,80,9.4,broken clouds
227,Leningradskiy,RU,69.3833,178.4167,39.18,75,74,14.52,broken clouds
228,Kahului,US,20.8947,-156.47,85.96,74,8,13.91,clear sky
229,Noumea,NC,-22.2763,166.4572,69.78,62,100,7.29,overcast clouds
230,Chuy,UY,-33.6971,-53.4616,61.74,88,11,6.82,few clouds
231,Asau,RO,46.4333,26.4,59.95,85,1,3.83,clear sky
232,Geraldton,AU,-28.7667,114.6,61.21,94,75,8.05,broken clouds
233,Chishtian Mandi,PK,29.8,72.8667,91.69,48,3,6.11,clear sky
234,Camacha,PT,33.0833,-16.3333,70.54,83,75,4.61,broken clouds
235,Yar-Sale,RU,66.8333,70.8333,57.04,82,70,11.5,broken clouds
236,Berbera,SO,10.4396,45.0143,91.2,39,34,20.04,scattered clouds
237,Mount Gambier,AU,-37.8333,140.7667,50.22,68,70,5.48,broken clouds
238,Belaya Gora,RU,68.5333,146.4167,64.47,42,41,7.85,scattered clouds
239,Saint-Augustin,CA,51.226,-58.6502,63.7,93,100,8.08,overcast clouds
240,Vardo,NO,70.3705,31.1107,56.28,73,69,8.5,broken clouds
241,Vitim,RU,59.4511,112.5578,56.88,98,100,2.21,overcast clouds
242,Grindavik,IS,63.8424,-22.4338,54.55,93,75,4.61,broken clouds
243,Sidi Ali,DZ,36.0998,0.4206,75.9,52,18,6.15,few clouds
244,Clyde River,CA,70.4692,-68.5914,39.43,100,90,5.75,mist
245,Nacala,MZ,-14.5428,40.6728,67.44,88,0,5.57,clear sky
246,Aljezur,PT,37.3191,-8.8033,62.44,87,0,13.02,clear sky
247,Barcelos,PT,41.5388,-8.6151,61.84,93,4,5.08,clear sky
248,Kazanka,UA,47.8462,32.8218,64.42,68,78,13.24,broken clouds
249,Birjand,IR,32.8663,59.2211,72.75,24,0,13.47,clear sky
250,Pisco,PE,-13.7,-76.2167,61.02,87,11,8.57,few clouds
251,Bloemhof,ZA,-27.6469,25.607,47.26,20,0,6.44,clear sky
252,Faya,SA,18.3851,42.4509,68.45,58,57,5.66,broken clouds
253,Najran,SA,17.4924,44.1277,82.22,36,82,6.44,broken clouds
254,Coria,ES,39.9879,-6.5377,61.68,57,58,3.6,broken clouds
255,Provideniya,RU,64.3833,-173.3,45.86,78,100,8.28,light rain
256,Vestmannaeyjar,IS,63.4427,-20.2734,54.23,89,100,9.42,overcast clouds
257,Ponta Delgada,PT,37.7333,-25.6667,68.72,73,75,5.75,broken clouds
258,Waipawa,NZ,-41.4122,175.5153,47.44,79,100,11.74,moderate rain
259,Mishelevka,RU,52.8575,103.1719,58.87,84,58,7.31,broken clouds
260,Bubaque,GW,11.2833,-15.8333,79.32,75,15,13.2,few clouds
261,Meulaboh,ID,4.1363,96.1285,76.35,84,96,4.7,overcast clouds
262,Belyy Yar,RU,53.6039,91.3903,58.89,100,100,0.0,overcast clouds
263,Cabadiangan,PH,9.7531,122.4739,83.07,81,85,4.43,overcast clouds
264,Bagotville,AU,-28.9833,153.4167,62.29,68,87,11.7,overcast clouds
265,La Seyne-Sur-Mer,FR,43.0982,5.8847,75.92,71,100,4.0,overcast clouds
266,Hamilton,US,39.1834,-84.5333,83.98,59,50,4.65,scattered clouds
267,Lorengau,PG,-2.0226,147.2712,81.03,79,74,10.11,broken clouds
268,Okha,RU,53.5739,142.9478,58.8,66,72,9.37,broken clouds
269,San Patricio,US,28.017,-97.5169,90.32,61,0,15.86,clear sky
270,Viedma,AR,-40.8135,-62.9967,47.53,28,86,7.45,overcast clouds
271,Amahai,ID,-3.3333,128.9167,77.04,89,100,1.86,moderate rain
272,Kez,RU,57.8979,53.7152,48.0,89,13,4.12,few clouds
273,Winslow,US,35.0242,-110.6974,94.96,18,12,3.0,few clouds
274,Yatou,CN,37.15,122.3833,79.25,70,60,5.5,broken clouds
275,Port Hardy,CA,50.6996,-127.4199,59.68,86,76,12.26,light rain
276,Bandarbeyla,SO,9.4942,50.8122,75.4,82,11,27.25,few clouds
277,Lovozero,RU,68.005,35.0117,53.71,72,15,4.36,few clouds
278,Sisimiut,GL,66.9395,-53.6735,41.09,94,100,1.16,light rain
279,Evensk,RU,61.95,159.2333,63.64,50,3,10.54,clear sky
280,Bull Savanna,JM,17.8868,-77.5902,79.7,78,41,6.85,scattered clouds
281,Caranavi,BO,-15.8167,-67.55,61.56,66,0,2.55,clear sky
282,Mbekenyera,TZ,-10.0,38.9833,63.1,88,20,3.53,few clouds
283,Akureyri,IS,65.6835,-18.0878,58.44,77,97,4.43,overcast clouds
284,Marovoay,MG,-16.1,46.6333,68.14,76,0,3.27,clear sky
285,Anchorage,US,61.2181,-149.9003,68.2,75,90,1.99,overcast clouds
286,Nouadhibou,MR,20.931,-17.0347,69.01,91,1,11.32,clear sky
287,Fort Nelson,CA,58.8053,-122.7002,48.74,97,100,10.13,light rain
288,Bharatpur,IN,27.2167,77.4833,82.83,82,95,4.27,overcast clouds
289,Tandur,IN,17.2333,77.5833,74.46,87,50,8.81,scattered clouds
290,Atar,MR,20.5169,-13.0499,88.54,39,0,12.5,clear sky
291,Turtas,RU,58.9417,69.1325,60.71,99,97,2.75,overcast clouds
292,Yaan,NG,7.3833,8.5667,71.74,95,82,5.23,light rain
293,Tura,IN,25.5198,90.2201,74.21,99,100,4.76,overcast clouds
294,Gaoual,GN,11.75,-13.2,72.91,92,45,2.37,scattered clouds
295,Xai-Xai,MZ,-25.0519,33.6442,62.85,86,2,4.14,clear sky
296,Uzhhorod,UA,48.6167,22.3,61.47,71,52,6.42,broken clouds
297,Muroto,JP,33.2833,134.15,83.03,77,48,7.56,scattered clouds
298,Rio Grande,BR,-32.035,-52.0986,60.51,83,0,11.05,clear sky
299,Oyama,JP,36.3,139.8,77.67,89,100,12.71,moderate rain
300,Nanakuli,US,21.3906,-158.1547,85.03,60,2,15.28,clear sky
301,Atambua,ID,-9.1061,124.8925,74.82,56,46,5.28,scattered clouds
302,Mount Isa,AU,-20.7333,139.5,67.77,22,0,11.5,clear sky
303,Buala,SB,-8.145,159.5921,82.76,70,95,2.8,light rain
304,Abu Kamal,SY,34.4506,40.9171,90.41,21,0,4.81,clear sky
305,Eatonton,US,33.3268,-83.3885,81.63,81,68,3.8,broken clouds
306,Chokurdakh,RU,70.6333,147.9167,63.7,34,26,9.64,scattered clouds
307,Yulara,AU,-25.2406,130.9889,54.72,39,0,9.53,clear sky
308,Norman Wells,CA,65.282,-126.8329,53.64,54,75,6.91,broken clouds
309,Umarkot,PK,25.3616,69.7362,81.66,70,70,14.07,broken clouds
310,Avera,US,33.194,-82.5271,86.72,64,66,5.59,broken clouds
311,Barkly West,ZA,-28.5354,24.5215,50.63,19,1,7.16,clear sky
312,Killeen,US,31.1171,-97.7278,93.45,48,1,14.97,clear sky
313,Basqal,AZ,40.7552,48.391,73.62,27,21,4.99,few clouds
314,Madoc,CA,44.5084,-77.4745,77.79,78,88,2.37,overcast clouds
315,Mpika,ZM,-11.8343,31.4529,54.18,60,0,2.3,clear sky
316,Kloulklubed,PW,7.0419,134.2556,78.93,82,100,2.48,heavy intensity rain
317,Turukhansk,RU,65.8167,87.9833,65.88,60,56,1.7,broken clouds
318,Verkhoyansk,RU,67.5447,133.385,73.98,30,39,3.51,scattered clouds
319,Sungaipenuh,ID,-2.0833,101.3833,65.32,96,34,2.51,light rain
320,Timizart,DZ,36.8,4.2667,77.5,46,11,2.86,few clouds
321,Mazagao,BR,-0.115,-51.2894,79.59,79,50,6.31,scattered clouds
322,Oil City,US,41.4339,-79.7064,76.73,83,90,5.75,overcast clouds
323,Kaabong,UG,3.4836,34.1492,66.36,53,55,5.91,broken clouds
324,Broome,US,42.2506,-75.833,74.43,91,100,2.84,overcast clouds
325,Ensley,US,30.5188,-87.2728,87.01,79,40,7.56,scattered clouds
326,Ugoofaaru,MV,5.6667,73.0,83.08,74,100,18.39,light rain
327,Tocopilla,CL,-22.092,-70.1979,59.31,71,26,5.88,scattered clouds
328,Waingapu,ID,-9.6567,120.2641,79.16,68,55,14.72,broken clouds
329,Sinfra,CI,6.6167,-5.9167,71.65,90,75,3.94,broken clouds
330,Chigasaki,JP,35.3261,139.4039,78.82,86,100,27.85,moderate rain
331,Quetta,PK,30.199,67.0097,73.11,57,0,4.81,clear sky
332,Khani,GE,41.9563,42.9566,65.77,74,74,5.93,broken clouds
333,Santa Cruz De La Palma,ES,28.6835,-17.7642,72.14,78,0,5.75,clear sky
334,Grand-Santi,GF,4.25,-54.3833,72.95,99,90,2.93,light rain
335,Carnarvon,AU,-24.8667,113.6333,67.64,88,3,3.94,clear sky
336,Laramie,US,41.3114,-105.5911,72.16,33,30,5.99,scattered clouds
337,Diffa,NE,13.3154,12.6113,77.94,77,78,13.49,broken clouds
338,Beira,MZ,-19.8436,34.8389,66.85,83,0,3.47,clear sky
339,Vila Franca Do Campo,PT,37.7167,-25.4333,68.41,79,14,6.13,few clouds
340,Cayenne,GF,4.9333,-52.3333,83.08,83,0,1.01,clear sky
341,Falmouth,GB,50.1544,-5.0711,59.9,100,41,1.99,scattered clouds
342,Bontang,ID,0.1333,117.5,79.65,86,99,2.42,overcast clouds
343,Constitucion,CL,-35.3333,-72.4167,49.82,76,98,8.75,overcast clouds
344,Buchanan,LR,5.8808,-10.0467,76.53,80,41,7.36,scattered clouds
345,Markova,UA,48.6758,24.4138,58.26,74,14,5.55,few clouds
346,Buin,CL,-33.7333,-70.75,43.39,85,89,0.87,overcast clouds
347,Mount Darwin,ZW,-16.7725,31.5838,53.58,63,0,2.89,clear sky
348,Harper,LR,4.375,-7.7169,76.23,81,55,8.57,broken clouds
349,Zhigansk,RU,66.7697,123.3711,67.5,40,96,21.94,overcast clouds
350,Kurskaya,RU,44.05,44.45,75.65,61,95,8.46,overcast clouds
351,Yantzaza,EC,-3.8278,-78.7594,69.82,82,76,1.5,broken clouds
352,Miyako,JP,39.6367,141.9525,80.64,85,100,7.52,overcast clouds
353,Arlit,NE,18.7369,7.3853,98.49,17,59,6.29,broken clouds
354,Mossendjo,CG,-2.9506,12.7261,65.84,97,43,3.2,scattered clouds
355,Luanda,AO,-8.8368,13.2343,71.6,88,20,4.61,few clouds
356,Matagami,CA,49.7502,-77.6328,58.84,65,10,3.13,clear sky
357,Petropavlovsk-Kamchatskiy,RU,53.0452,158.6483,59.59,67,40,4.47,light rain
358,Eldorado,BR,-23.7869,-54.2836,68.11,49,0,6.44,clear sky
359,Chulman,RU,56.8479,124.9104,56.66,81,99,8.16,overcast clouds
360,Westport,US,41.1415,-73.3579,79.86,77,100,1.01,overcast clouds
361,Nelson Bay,AU,-32.7167,152.15,59.29,89,81,1.01,light rain
362,Tolosa,FR,43.6043,1.4437,61.61,84,0,6.91,clear sky
363,Shubarkuduk,KZ,49.1447,56.4872,71.28,31,16,5.68,few clouds
364,Prado,BR,-17.3411,-39.2208,68.27,83,86,10.71,overcast clouds
365,Zalantun,CN,48.0,122.7167,70.09,84,7,4.43,clear sky
366,Kidal,ML,18.4411,1.4078,88.21,42,82,11.36,broken clouds
367,Hasaki,JP,35.7333,140.8333,79.2,96,100,26.46,heavy intensity rain
368,Victor Harbor,AU,-35.5667,138.6167,58.46,67,2,6.62,clear sky
369,Touros,BR,-5.1989,-35.4608,75.34,80,78,17.69,broken clouds
370,Trincomalee,LK,8.5711,81.2335,79.9,80,99,18.81,overcast clouds
371,Beringovskiy,RU,63.05,179.3167,43.83,85,100,24.43,light rain
372,Bambous Virieux,MU,-20.3428,57.7575,69.22,94,40,3.44,light rain
373,Iranshahr,IR,27.2025,60.6848,92.52,26,13,1.01,few clouds
374,Paamiut,GL,61.994,-49.6678,41.04,94,100,11.56,moderate rain
375,Pontes E Lacerda,BR,-15.2261,-59.3353,76.57,37,0,2.86,clear sky
376,Safaga,EG,26.7292,33.9365,92.55,33,0,7.2,clear sky
377,Ouro Preto Do Oeste,BR,-10.7481,-62.2158,80.01,31,0,1.54,clear sky
378,Leshukonskoye,RU,64.8989,45.7622,47.14,92,0,2.86,clear sky
379,Okhotsk,RU,59.3833,143.3,67.78,51,7,7.72,clear sky
380,Tuatapere,NZ,-46.1333,167.6833,38.82,91,99,3.51,overcast clouds
381,High River,CA,50.5834,-113.8687,78.69,36,100,16.75,overcast clouds
382,Lashio,MM,22.9333,97.75,68.77,100,95,0.87,overcast clouds
383,Lubao,PH,14.9167,120.55,84.15,79,98,7.83,overcast clouds
384,Tres Arroyos,AR,-38.3739,-60.2798,44.55,86,36,5.61,scattered clouds
385,Half Moon Bay,US,37.4636,-122.4286,93.81,66,1,1.99,clear sky
386,Abengourou,CI,6.7297,-3.4964,70.48,95,70,3.96,broken clouds
387,Eureka,US,40.8021,-124.1637,76.12,71,45,5.99,scattered clouds
388,Adrar,MR,20.5022,-10.0711,90.81,31,46,8.34,scattered clouds
389,Nisia Floresta,BR,-6.0911,-35.2086,73.02,84,36,13.29,scattered clouds
390,Vieques,PR,18.425,-65.8329,83.25,81,7,10.33,clear sky
391,Phonhong,LA,18.5007,102.4166,78.62,91,100,1.95,overcast clouds
392,Tadine,NC,-21.55,167.8833,71.83,56,100,6.15,overcast clouds
393,Riyadh,SA,24.6877,46.7219,92.61,16,28,7.29,scattered clouds
394,Kununurra,AU,-15.7667,128.7333,71.58,24,11,10.36,few clouds
395,Verkh-Usugli,RU,52.7,115.1667,60.94,95,99,5.66,light rain
396,Brejo Da Madre De Deus,BR,-8.1458,-36.3711,61.79,94,66,9.64,broken clouds
397,Victoria,HK,22.2855,114.1577,84.96,89,95,1.01,overcast clouds
398,Guiratinga,BR,-16.3494,-53.7583,72.82,36,7,5.95,clear sky
399,Hearst,CA,49.6835,-83.6665,63.72,59,5,4.56,clear sky
400,Kifri,IQ,34.6959,44.9661,95.16,15,73,8.12,broken clouds
401,Saint-Georges,GD,12.0564,-61.7485,80.29,76,12,8.25,few clouds
402,Mezen,RU,65.8522,44.24,46.4,96,0,4.92,clear sky
403,Morinville,CA,53.8001,-113.652,74.01,52,40,27.63,scattered clouds
404,Sao Filipe,CV,14.8961,-24.4956,78.37,84,66,8.28,broken clouds
405,Plettenberg Bay,ZA,-34.0527,23.3716,59.52,45,93,4.47,overcast clouds
406,Bathsheba,BB,13.2167,-59.5167,81.43,76,10,10.76,clear sky
407,Saint Albans,GB,51.75,-0.3333,59.7,87,75,12.66,broken clouds
408,Portland,US,45.5234,-122.6762,82.58,62,61,1.99,broken clouds
409,Saint Anthony,US,45.0205,-93.218,73.72,87,99,4.0,overcast clouds
410,Lehola,EE,59.2925,24.3279,63.32,100,75,5.75,broken clouds
411,Isla Mujeres,MX,21.2311,-86.731,84.33,73,5,9.78,clear sky
412,Samarai,PG,-10.6167,150.6667,77.99,86,98,15.08,overcast clouds
413,Pampas,PE,-12.4,-74.9,49.73,79,33,5.68,scattered clouds
414,Wuan,CN,31.6836,112.0044,79.07,74,77,4.81,broken clouds
415,Saldanha,ZA,-33.0117,17.9442,55.8,74,99,5.19,overcast clouds
416,Bonavista,CA,48.6499,-53.1147,68.11,85,100,19.3,overcast clouds
417,Gizo,SB,-8.103,156.8419,81.55,75,85,9.57,light rain
418,Pacifica,US,37.6138,-122.4869,93.63,79,20,5.01,few clouds
419,Ilinskiy,RU,55.619,38.1182,70.3,77,0,2.24,light rain
420,Kasamwa,TZ,-2.85,32.4333,67.89,45,46,5.48,scattered clouds
421,Singaraja,ID,-8.112,115.0882,80.22,76,31,2.51,scattered clouds
422,Soyo,AO,-6.1349,12.3689,71.69,85,83,9.69,broken clouds
423,Ust-Tsilma,RU,65.441,52.1498,41.81,97,0,3.49,clear sky
424,Korla,CN,41.7597,86.1469,76.42,38,9,3.87,clear sky
425,Monterey,US,36.2505,-121.2516,82.83,22,0,11.32,clear sky
426,Yining,CN,29.0361,114.5636,82.94,76,40,2.39,scattered clouds
427,Bone,DE,51.9669,12.1396,62.71,92,85,9.93,overcast clouds
428,Corozal,CO,9.3151,-75.2928,76.37,92,100,8.93,overcast clouds
429,Corinto,GR,37.9407,22.9573,80.64,58,0,2.08,clear sky
430,Luderitz,NA,-26.6481,15.1594,60.24,49,24,4.97,few clouds
431,Batagay,RU,67.6333,134.6333,75.76,28,59,2.39,broken clouds
432,Smolenka,RU,52.1352,113.4974,59.07,100,40,2.24,light intensity shower rain
433,Thinadhoo,MV,0.5333,72.9333,81.14,78,100,9.89,overcast clouds
434,Ponta Do Sol,PT,32.6667,-17.1,74.01,87,83,5.91,broken clouds
435,Mumford,GH,5.2618,-0.759,75.11,91,69,15.01,broken clouds
436,Sao Joao Da Barra,BR,-21.6403,-41.0511,68.04,79,81,12.66,broken clouds
437,Nhulunbuy,AU,-12.2333,136.7667,79.41,57,40,16.11,scattered clouds
438,Sechura,PE,-5.5569,-80.8222,66.6,71,11,17.29,few clouds
439,Alta Floresta,BR,-9.8756,-56.0861,78.91,33,14,3.22,few clouds
440,Kasama,ZM,-10.2129,31.1808,55.74,56,1,5.46,clear sky
441,Port Hawkesbury,CA,45.6169,-61.3485,71.58,91,78,1.99,broken clouds
442,Bom Despacho,BR,-19.7364,-45.2522,60.03,70,56,11.74,broken clouds
443,Iralaya,HN,15.0,-83.2333,79.93,84,80,9.46,broken clouds
444,Kokoda,PG,-8.8785,147.7407,83.43,64,96,4.23,overcast clouds
445,Mabaruma,GY,8.2,-59.7833,75.54,91,77,2.75,broken clouds
446,Alihe,CN,50.5667,123.7167,69.71,78,8,4.25,clear sky
447,Merke,KZ,42.8728,73.1786,74.55,33,10,7.78,clear sky
448,Bejucal,CU,22.9286,-82.3886,80.55,76,94,4.83,overcast clouds
449,Jaisalmer,IN,26.9147,70.9181,83.01,65,26,16.53,scattered clouds
450,Saint-Pierre,RE,-21.3393,55.4781,67.64,65,0,6.91,clear sky
451,Kokopo,PG,-4.352,152.2633,79.95,81,94,7.72,light rain
452,Valpacos,PT,41.6075,-7.3109,54.88,83,4,5.21,clear sky
453,Ribeira Grande,PT,38.5167,-28.7,69.35,71,18,12.44,few clouds
454,Saryg-Sep,RU,51.5,95.6,53.91,94,97,1.97,overcast clouds
455,Port Moresby,PG,-9.4431,147.1797,80.17,73,96,12.35,overcast clouds
456,Ayagoz,KZ,47.9714,80.4392,61.93,42,1,1.01,clear sky
457,Klyuchi,RU,52.2667,79.1667,64.78,52,16,5.75,few clouds
458,Aguimes,ES,27.9054,-15.4461,68.67,83,20,19.57,few clouds
459,Shimoda,JP,34.6667,138.95,80.71,85,100,12.77,overcast clouds
460,Raikot,IN,30.65,75.6,81.39,76,44,5.41,scattered clouds
461,Murray Bridge,AU,-35.1167,139.2667,58.68,73,0,8.05,clear sky
462,Shelabolikha,RU,53.4131,82.6167,62.06,77,22,3.09,few clouds
463,Broken Hill,AU,-31.95,141.4333,52.93,54,0,8.28,clear sky
464,Corn Island,NI,12.1694,-83.0418,81.68,80,100,16.49,light rain
465,Lahij,YE,13.1667,44.5833,87.22,42,40,3.2,scattered clouds
466,Katobu,ID,-4.9408,122.5276,78.75,76,80,7.02,broken clouds
467,Gunjur,GM,13.2019,-16.7339,79.9,80,44,12.26,scattered clouds
468,Havoysund,NO,70.9963,24.6622,61.68,71,65,5.53,broken clouds
469,Wanaka,NZ,-44.7,169.15,40.1,99,100,8.61,overcast clouds
470,Verkhnyaya Inta,RU,65.9811,60.3094,51.75,95,100,7.45,overcast clouds
471,Ekibastuz,KZ,51.6667,75.3667,69.62,65,98,11.07,light rain
472,Barkhan,PK,29.8977,69.5256,81.54,50,13,1.86,few clouds
473,Kailua,US,21.4022,-157.7394,85.06,69,17,18.48,few clouds
474,Qui Nhon,VN,13.7667,109.2333,84.6,67,100,6.33,overcast clouds
475,Elizabeth City,US,36.2946,-76.2511,75.22,96,97,3.0,overcast clouds
476,Akyab,MM,20.15,92.9,79.74,85,52,2.91,broken clouds
477,Jiwani,PK,25.05,61.7417,80.13,87,70,7.43,broken clouds
478,Porto Recanati,IT,43.4365,13.6613,78.85,57,0,4.5,clear sky
479,Pafos,CY,34.7667,32.4167,80.38,69,20,6.91,few clouds
480,Mentougou,CN,39.9392,116.0917,77.94,71,84,2.13,broken clouds
481,Dingle,PH,10.9995,122.6711,83.44,78,87,7.45,overcast clouds
482,Manokwari,ID,-0.8667,134.0833,80.33,76,99,3.4,moderate rain
483,Ocosingo,MX,17.0667,-92.25,75.04,98,98,2.98,overcast clouds
484,Kieta,PG,-6.2167,155.6333,76.55,90,100,1.3,light rain
485,Ouallam,NE,14.3188,2.0866,89.17,48,6,13.82,clear sky
486,Dicabisagan,PH,17.0818,122.4157,86.88,64,100,3.42,overcast clouds
487,Ipixuna,BR,-1.7625,-48.8043,77.41,85,56,4.16,broken clouds
488,San Ramon,US,37.7799,-121.978,93.31,45,1,5.99,smoke
489,Bo Phloi,TH,14.3236,99.5161,76.66,84,89,4.36,overcast clouds
490,Miastko,PL,54.0028,16.9826,63.3,66,100,7.58,light rain
491,Tibati,CM,6.4667,12.6333,65.48,99,100,2.71,light rain
492,Le Port,RE,-20.9373,55.2919,67.96,70,30,9.24,scattered clouds
493,Vila Velha,BR,-20.3297,-40.2925,68.63,76,100,6.93,overcast clouds
494,Zarya,RU,55.7553,38.0958,70.11,58,99,6.73,light rain
495,Arnedo,ES,42.2167,-2.1,62.1,79,45,4.32,scattered clouds
496,Nemuro,JP,43.3236,145.575,66.63,98,79,14.47,broken clouds
497,Djambala,CG,-2.5447,14.7533,69.4,76,68,6.58,broken clouds
498,Talcahuano,CL,-36.7167,-73.1167,49.86,66,95,8.43,overcast clouds
499,Agaro,ET,7.85,36.65,60.82,99,100,1.19,light rain
500,Oeiras Do Para,BR,-2.0031,-49.8544,78.04,69,37,3.15,scattered clouds
501,Manali,IN,13.1667,80.2667,86.09,74,42,11.95,scattered clouds
502,Santa Maria Da Vitoria,BR,-13.3947,-44.1886,71.26,35,36,5.66,scattered clouds
503,Grahamstown,ZA,-33.3042,26.5328,51.03,50,51,5.73,broken clouds
504,Roald,NO,62.5833,6.1333,66.25,88,100,4.61,overcast clouds
505,Salta,AR,-24.7859,-65.4117,66.58,44,4,4.0,clear sky
506,Scottsbluff,US,41.8666,-103.6672,86.23,28,1,5.01,clear sky
507,Xining,CN,36.6167,101.7667,55.42,85,100,2.04,overcast clouds
508,Landerneau,FR,48.4525,-4.2525,57.97,91,40,11.5,scattered clouds
509,Outlook,CA,51.5001,-107.0513,85.69,28,96,6.02,overcast clouds
510,Aksha,RU,50.2814,113.2867,61.7,86,46,9.48,scattered clouds
511,Manzhouli,CN,49.6,117.4333,67.98,69,62,7.25,broken clouds
512,Ampanihy,MG,-24.7,44.75,61.0,83,0,4.16,clear sky
513,Kumbo,CM,6.2,10.6667,58.68,98,100,2.33,light rain
514,Narathiwat,TH,6.3333,101.75,76.51,87,61,3.98,broken clouds
515,Kurilsk,RU,45.2333,147.8833,57.09,86,93,16.73,overcast clouds
516,Prescott,US,34.54,-112.4685,92.68,24,0,3.0,clear sky
517,Ivankiv,UA,50.9386,29.8943,61.61,90,0,3.67,clear sky
518,Vyazma,RU,55.2104,34.2951,58.23,95,100,6.02,overcast clouds
519,Ranot,TH,7.7777,100.3213,80.94,81,73,10.65,broken clouds
520,Sandy Bay,AU,-42.913,147.3532,45.3,77,0,3.0,clear sky
521,Poronaysk,RU,49.2167,143.1167,55.89,80,100,11.5,moderate rain
522,Purranque,CL,-40.9167,-73.1667,38.64,98,90,2.35,overcast clouds
523,Aklavik,CA,68.2191,-135.0107,48.92,59,99,7.4,overcast clouds
524,Osakarovka,KZ,50.565,72.5692,58.55,91,58,6.2,broken clouds
525,Lolodorf,CM,3.2333,10.7333,68.27,100,98,2.48,overcast clouds
526,Awjilah,LY,29.1081,21.2869,85.12,35,0,14.07,clear sky
527,Berdigestyakh,RU,62.0989,126.6992,63.99,53,62,10.85,broken clouds
528,San Carlos,VE,9.6612,-68.5827,76.26,82,54,0.96,broken clouds
529,Krikellos,GR,38.95,21.1833,77.05,43,0,3.15,clear sky
530,Erdenet,MN,49.0333,104.0833,53.67,83,100,6.4,overcast clouds
531,Altus,US,34.6381,-99.334,98.11,38,1,3.0,clear sky
532,Xinqing,CN,48.2333,129.5,65.26,79,91,7.11,overcast clouds
533,Ambilobe,MG,-13.2,49.05,68.41,85,70,1.99,broken clouds
534,Nahavand,IR,34.1885,48.377,69.76,40,42,0.63,scattered clouds
535,Walvis Bay,NA,-22.9575,14.5053,53.1,69,3,5.14,clear sky
536,Yumen,CN,40.2833,97.2,70.99,26,71,3.11,broken clouds
537,Elat,IL,29.5581,34.9482,86.56,55,0,5.61,clear sky
538,Los Llanos De Aridane,ES,28.6585,-17.9182,68.13,93,0,5.75,clear sky
539,Mocuba,MZ,-16.8392,36.9856,61.9,96,0,1.92,clear sky
540,Ola,RU,59.5833,151.2833,63.07,64,61,3.09,broken clouds
541,Nikolayevsk-Na-Amure,RU,53.1406,140.73,59.68,61,91,9.51,overcast clouds
542,Praia Da Vitoria,PT,38.7333,-27.0667,68.76,75,24,9.1,few clouds
543,Necochea,AR,-38.5473,-58.7368,47.03,75,47,7.34,scattered clouds
544,North Bend,US,43.4065,-124.2243,75.92,78,90,12.66,fog
545,Koumac,NC,-20.5667,164.2833,72.37,62,100,7.14,overcast clouds
546,Itarema,BR,-2.9248,-39.9167,80.42,74,96,14.7,overcast clouds
547,Santa Rita,BR,-7.1139,-34.9781,71.02,89,39,10.85,scattered clouds
548,Mulege,MX,26.8833,-111.9833,90.77,52,36,5.48,scattered clouds
549,Palu,ID,-0.8917,119.8707,81.55,79,95,1.74,overcast clouds
550,Auburn,US,47.3073,-122.2284,75.96,71,75,14.97,broken clouds
551,Biak,ID,-0.9131,122.8766,77.54,83,95,7.87,overcast clouds
552,Lisala,CD,2.15,21.5167,67.71,96,99,2.44,overcast clouds
553,Aurangabad,IN,19.8833,75.3333,74.37,84,87,7.07,overcast clouds
554,Mogadishu,SO,2.0371,45.3438,76.01,85,88,18.5,overcast clouds
555,Pangai,TO,-19.8,-174.35,72.66,64,45,12.17,scattered clouds
556,Saint-Francois,FR,46.4154,3.9054,58.44,77,0,3.44,clear sky
557,Narrabri,AU,-30.3167,149.7833,52.52,75,0,4.0,clear sky
558,Sioux Lookout,CA,50.1001,-91.917,73.94,46,85,6.44,overcast clouds
559,Nyurba,RU,63.2842,118.3319,65.79,81,100,8.7,overcast clouds
560,Thunder Bay,CA,48.4001,-89.3168,65.28,69,87,1.99,overcast clouds
561,Xudat,AZ,41.631,48.681,81.86,37,4,0.98,clear sky
562,Lufilufi,WS,-13.8745,-171.5986,83.98,82,78,19.6,light rain
563,Ornskoldsvik,SE,63.2909,18.7153,63.55,72,90,10.36,drizzle
564,Husavik,IS,66.0449,-17.3389,51.71,76,92,5.06,overcast clouds
565,Teya,RU,60.3778,92.6267,64.2,63,72,1.81,broken clouds
566,Andenes,NO,69.3143,16.1194,61.47,93,88,4.61,overcast clouds
567,Fayaoue,NC,-20.65,166.5333,70.18,66,100,11.18,overcast clouds
568,Udobnaya,RU,44.1932,41.5529,68.52,78,100,6.17,overcast clouds
569,Eyl,SO,7.9803,49.8164,75.61,77,35,22.32,scattered clouds
570,Chapais,CA,49.7834,-74.8492,57.24,57,5,4.18,clear sky
571,Ypsonas,CY,34.6884,32.9574,79.99,73,0,3.44,clear sky
572,Vestmanna,FO,62.1564,-7.1664,58.12,82,75,10.36,broken clouds
573,Shuyskoye,RU,59.3736,41.0305,58.82,98,100,9.33,heavy intensity rain
574,Souris,CA,49.6172,-100.2612,92.62,18,4,8.97,clear sky
575,Muyezerskiy,RU,63.9333,31.65,54.73,70,100,11.43,overcast clouds
576,Majene,ID,-3.5403,118.9707,78.19,86,99,10.89,overcast clouds
577,Colares,PT,38.7992,-9.4469,66.29,75,1,17.36,clear sky
578,Maiduguri,NG,11.8464,13.1603,74.46,84,90,9.71,overcast clouds
579,Prince Rupert,CA,54.3161,-130.3201,61.39,75,100,4.61,overcast clouds
580,Nizhniy Odes,RU,63.6445,54.856,46.44,92,78,7.25,broken clouds
581,Ust-Kuyga,RU,70.0167,135.6,69.8,35,67,3.13,broken clouds
582,Weligama,LK,5.9667,80.4167,77.77,87,100,15.19,overcast clouds
583,Slave Lake,CA,55.2834,-114.769,58.98,63,90,13.8,light rain
584,Calabozo,VE,8.9242,-67.4293,80.44,70,98,2.24,overcast clouds
585,Shenjiamen,CN,29.9576,122.298,81.03,82,3,17.85,clear sky
586,Edmundston,CA,47.3737,-68.3251,70.93,73,90,10.36,overcast clouds
587,Sinnamary,GF,5.3833,-52.95,78.3,84,98,3.94,overcast clouds
588,Acajutla,SV,13.5928,-89.8275,82.02,74,82,3.06,broken clouds
589,Margate,GB,51.3813,1.3862,60.51,84,64,3.0,broken clouds
590,Gidole,ET,5.65,37.3667,61.92,49,91,3.31,overcast clouds
591,Mecca,SA,21.4267,39.8261,88.5,44,24,4.05,few clouds
592,Nara,JP,34.6851,135.8049,83.48,58,1,9.15,clear sky
593,Samarkand,UZ,39.6542,66.9597,77.74,26,0,4.18,clear sky
594,Pitimbu,BR,-7.4706,-34.8086,74.53,81,63,19.39,broken clouds
595,Camana,PE,-16.6228,-72.7111,60.44,86,64,6.69,broken clouds
596,Roblin,CA,51.23,-101.3565,87.93,27,86,13.38,overcast clouds
597,Changde,CN,29.0464,111.6783,81.09,83,97,3.74,overcast clouds
598,San Policarpo,PH,12.1791,125.5072,84.34,73,95,6.29,overcast clouds
599,Zaraza,VE,9.3503,-65.3245,78.39,73,43,7.31,scattered clouds
600,Mao,ES,39.8885,4.2658,75.76,69,0,19.57,clear sky
601,Anloga,GH,5.7947,0.8973,79.02,87,100,16.75,light rain
602,Carutapera,BR,-1.195,-46.02,75.18,90,57,3.36,broken clouds
603,Odessa,UA,46.4775,30.7326,60.73,94,0,4.47,clear sky
604,Virginia Beach,US,36.8529,-75.978,73.62,86,100,3.0,light rain
605,Boulder City,US,35.9786,-114.8325,106.34,11,1,9.22,clear sky
606,Alexandria,EG,31.2156,29.9553,82.36,74,0,11.5,clear sky
607,Flers,FR,48.7372,-0.5747,55.65,91,71,8.46,broken clouds
608,Sorong,ID,-0.8833,131.25,78.3,87,100,5.5,overcast clouds
609,Terrace Bay,CA,48.7834,-87.1,60.39,74,82,1.59,broken clouds
610,Jardim,BR,-21.4803,-56.1381,73.38,34,0,3.76,clear sky
611,Thiruvananthapuram,IN,8.4833,76.9167,76.98,94,75,4.61,mist
612,Rocha,UY,-34.4833,-54.3333,62.74,89,6,4.83,clear sky
613,Beloha,MG,-25.1667,45.05,61.03,88,0,4.0,clear sky
614,Kathmandu,NP,27.7167,85.3167,70.02,100,75,2.3,broken clouds
615,Balad,IQ,34.0164,44.1453,94.28,23,1,7.56,clear sky
616,Yataity,PY,-26.3667,-56.0667,70.52,51,0,6.42,clear sky
617,Kingaroy,AU,-26.5333,151.8333,60.04,33,0,6.33,clear sky
618,Vila,PT,42.0304,-8.1588,50.32,88,9,3.42,clear sky
619,Ouango,CF,4.3133,22.5552,69.64,98,100,2.51,overcast clouds
620,Tateyama,JP,34.9833,139.8667,78.82,89,75,17.27,shower rain
621,Hauterive,FR,46.0901,3.4459,58.78,92,3,4.32,clear sky
622,Zyryanka,RU,65.75,150.85,60.93,52,14,6.64,few clouds
623,Aleksandrov Gay,RU,50.147,48.5704,74.12,29,50,9.53,scattered clouds
624,Acapulco,MX,16.8634,-99.8901,81.14,84,81,8.61,broken clouds
625,Olafsvik,IS,64.8945,-23.7142,54.52,82,27,3.38,scattered clouds
626,Pa Sang,TH,18.5262,98.9394,75.4,89,82,2.21,broken clouds
627,Uruzgan,AF,32.8333,66.0,70.63,17,0,3.18,clear sky
628,Atasu,KZ,48.6814,71.6433,65.32,65,50,3.58,scattered clouds
629,Cuyo,PH,10.8525,121.0086,84.24,76,97,10.09,overcast clouds
630,San Jose,US,37.3394,-121.895,94.69,44,75,13.8,smoke
631,Salinopolis,BR,-0.6136,-47.3561,79.02,82,30,11.14,scattered clouds
632,Gatehouse Of Fleet,GB,54.882,-4.1843,57.81,93,75,4.68,broken clouds
633,Dunedin,NZ,-45.8742,170.5036,44.8,61,100,10.65,overcast clouds
634,Palma Di Montechiaro,IT,37.1926,13.765,82.17,60,0,6.22,clear sky
635,Santa Rosa,PH,14.3122,121.1114,86.09,75,99,5.55,overcast clouds
636,Puerto Madryn,AR,-42.7692,-65.0385,51.75,40,3,21.97,clear sky
637,Ariquemes,BR,-9.9133,-63.0408,78.3,37,3,1.59,clear sky
638,Komsomolskiy,UZ,40.4272,71.7189,74.62,43,88,2.3,overcast clouds
639,Yunguyo,PE,-16.25,-69.0833,46.09,62,2,7.25,clear sky
640,Ushtobe,KZ,45.2514,77.9838,65.52,32,0,4.05,clear sky
641,Cockburn Town,TC,21.4612,-71.1419,82.85,76,1,16.06,clear sky
642,Lasa,IT,46.6166,10.7002,63.01,96,88,2.55,overcast clouds
643,Numan,NG,9.4667,12.0333,74.52,85,95,7.65,light rain
644,Shieli,KZ,44.1667,66.75,80.33,28,14,3.71,few clouds
645,Toora-Khem,RU,52.4675,96.11,54.46,96,100,1.41,overcast clouds
646,Balaipungut,ID,1.05,101.2833,73.81,95,90,1.34,overcast clouds
647,Alyangula,AU,-13.8483,136.4192,76.24,52,12,12.93,few clouds
648,Ishigaki,JP,24.3448,124.1572,83.53,82,100,14.83,overcast clouds
649,Toktogul,KG,41.8708,72.9402,67.15,54,39,0.89,scattered clouds
650,Brisbane,AU,-27.4679,153.0281,69.37,60,20,3.0,few clouds
651,Christchurch,NZ,-43.5333,172.6333,41.92,86,90,1.14,light rain
652,Mirabad,AF,30.4362,61.8383,86.61,15,0,14.14,clear sky
653,Codrington,AU,-38.2667,141.9667,50.29,78,29,7.02,scattered clouds
654,Gemena,CD,3.25,19.7667,69.15,99,100,1.54,light rain
655,Nizwa,OM,22.9333,57.5333,89.98,35,70,0.63,broken clouds
656,Aviles,ES,43.5547,-5.9248,61.99,88,75,8.05,broken clouds
657,Yangcun,CN,39.3639,117.0603,82.38,72,57,1.25,broken clouds
658,Zabid,YE,14.1951,43.3152,87.8,57,98,7.16,overcast clouds
659,Kapuskasing,CA,49.4169,-82.4331,62.87,63,3,4.0,clear sky
660,Hualmay,PE,-11.0964,-77.6139,63.19,82,23,13.2,few clouds
661,Visnes,NO,59.3556,5.2242,62.58,77,90,5.75,overcast clouds
662,Nerchinsk,RU,51.9833,116.5833,68.49,76,19,3.94,few clouds
663,Jiazi,CN,22.8779,116.067,83.1,86,100,10.83,overcast clouds
664,Thessalon,CA,46.2501,-83.5666,75.69,86,78,10.58,broken clouds
665,Moose Factory,CA,51.2585,-80.6094,51.78,74,13,5.82,few clouds
666,Guerrero Negro,MX,27.9769,-114.0611,77.41,66,46,15.23,scattered clouds
667,Pascagoula,US,30.3658,-88.5561,87.85,75,7,7.83,clear sky
668,Ust-Kulom,RU,61.6864,53.6902,43.11,98,5,4.88,clear sky
669,Santa Maria,BR,-29.6842,-53.8069,65.3,79,0,5.77,clear sky
670,Manjeshwar,IN,12.7194,74.8861,76.28,87,100,1.23,overcast clouds
671,Chicama,PE,-7.8447,-79.1469,64.54,81,16,9.82,few clouds
